<?xml version="1.0"?>
<!-- RSS generated by SourceForge.net at Sat, 13 Mar 2004 13:34:51 GMT on sf-web4

The content in this RSS feed was generated by SourceForge.net
regarding the SourceForge.net site or a project hosted on
SourceForge.net.  Each project hosted on SourceForge.net is
responsible for their own content, file releases and support.

For a full list of available RSS feeds
https://sourceforge.net/docman/display_doc.php?docid=15483&amp;group_id=1

For terms of use:
https://sourceforge.net/docman/display_doc.php?docid=6048&amp;group_id=1

For content issues, comments and questions:
contact the project via the comment link or the resources on their summary page.

For technical issues with this feed: contact the SourceForge.net team at:
https://sourceforge.net/tracker/?func=add&amp;group_id=1&amp;atid=200001 (support is not provided via email)

In the event that you need to report abuse: contact the SourceForge.net team at:
https://sourceforge.net/tracker/?func=add&amp;group_id=1&amp;atid=200001 (support is not provided via email)

-->
<rss version="2.0">
	<channel>
		<title>SourceForge.net: SF.net Project News: TinyXPath : a tiny C++ XPath processor (including full news text)</title>
		<link>http://sourceforge.net/projects/tinyxpath/</link>
		<description>SF.net Project News: TinyXPath : a tiny C++ XPath processor (tinyxpath project) - Small footprint C++ library to extract an XPath expression from an XML tree. Uses the TinyXML project to parse XML trees and store intermediate results. Runs on any platform. Optional use of STL. Overhead less than 100KB, including TinyXML.</description>
		<copyright>Copyright and acceptable usage information for this RSS may feed may be found at: http://sourceforge.net/docman/display_doc.php?docid=6048&amp;group_id=1#licensing_and_other_terms</copyright>
		<lastBuildDate>Sat, 13 Mar 2004 13:34:51 GMT</lastBuildDate>
		<generator>SourceForge.net RSS generator</generator>
		<image>
			<title>SourceForge.net logo</title>
			<url>http://images.sourceforge.net/images/sflogo-88-1.png</url>
			<link>http://sourceforge.net/</link>
			<width>88</width>
			<height>31</height>
			<description>The world's largest Open Source software development website</description>
		</image>
		<item>
			<title>TinyXPath 1.2.1 is released</title>
			<description>TinyXPath has release the 1.2.1 version.&#60;br&#62;It's a maintenance release, with one bug fix.&#60;br&#62;The API has been improved with some easier-to-use static functions. (&#60;a href=&#34;http://sourceforge.net/forum/forum.php?forum_id=345812&#34;&#62;0 comments&#60;/a&#62;)</description>
			<author>yvesb@users.sourceforge.net (Yves Berquin)</author>
			<link>http://sourceforge.net/forum/forum.php?forum_id=345812</link>
			<guid isPermaLink="true">http://sourceforge.net/forum/forum.php?forum_id=345812</guid>
			<pubDate>Sun, 18 Jan 2004 13:33:55 GMT</pubDate>
			<comments>http://sourceforge.net/forum/forum.php?forum_id=345812</comments>
		</item>
		<item>
			<title>TinyXPath 1.2 is released</title>
			<description>Maintenance release with some bug fixing (&#60;a href=&#34;http://sourceforge.net/forum/forum.php?forum_id=343535&#34;&#62;0 comments&#60;/a&#62;)</description>
			<author>yvesb@users.sourceforge.net (Yves Berquin)</author>
			<link>http://sourceforge.net/forum/forum.php?forum_id=343535</link>
			<guid isPermaLink="true">http://sourceforge.net/forum/forum.php?forum_id=343535</guid>
			<pubDate>Fri, 09 Jan 2004 21:24:09 GMT</pubDate>
			<comments>http://sourceforge.net/forum/forum.php?forum_id=343535</comments>
		</item>
		<item>
			<title>Version 1.1 is out</title>
			<description>This is a fully working version of TinyXPath. All regression tests are working. (&#60;a href=&#34;http://sourceforge.net/forum/forum.php?forum_id=342689&#34;&#62;0 comments&#60;/a&#62;)</description>
			<author>yvesb@users.sourceforge.net (Yves Berquin)</author>
			<link>http://sourceforge.net/forum/forum.php?forum_id=342689</link>
			<guid isPermaLink="true">http://sourceforge.net/forum/forum.php?forum_id=342689</guid>
			<pubDate>Wed, 07 Jan 2004 08:52:10 GMT</pubDate>
			<comments>http://sourceforge.net/forum/forum.php?forum_id=342689</comments>
		</item>
		<item>
			<title>Release 0.3 is out</title>
			<description>(Windows only - Linux to follow)&#60;br&#62;A big chunck of XPath is working now.&#60;br&#62;Still need some functions, but we are close (&#60;a href=&#34;http://sourceforge.net/forum/forum.php?forum_id=185341&#34;&#62;0 comments&#60;/a&#62;)</description>
			<author>yvesb@users.sourceforge.net (Yves Berquin)</author>
			<link>http://sourceforge.net/forum/forum.php?forum_id=185341</link>
			<guid isPermaLink="true">http://sourceforge.net/forum/forum.php?forum_id=185341</guid>
			<pubDate>Tue, 11 Jun 2002 19:31:51 GMT</pubDate>
			<comments>http://sourceforge.net/forum/forum.php?forum_id=185341</comments>
		</item>
		<item>
			<title>Release 0.2 is out</title>
			<description>A lot more syntax is now applied to the XML tree. See &#60;a href=&#34;http://tinyxpath.sourceforge.net&#34;&#62;http://tinyxpath.sourceforge.net&#60;/a&#62; for a list of expressions correctly handled and &#60;a href=&#34;http://tinyxpath.sourceforge.net/res.html&#34;&#62;http://tinyxpath.sourceforge.net/res.html&#60;/a&#62; for the current output. (&#60;a href=&#34;http://sourceforge.net/forum/forum.php?forum_id=181445&#34;&#62;0 comments&#60;/a&#62;)</description>
			<author>yvesb@users.sourceforge.net (Yves Berquin)</author>
			<link>http://sourceforge.net/forum/forum.php?forum_id=181445</link>
			<guid isPermaLink="true">http://sourceforge.net/forum/forum.php?forum_id=181445</guid>
			<pubDate>Mon, 27 May 2002 20:14:31 GMT</pubDate>
			<comments>http://sourceforge.net/forum/forum.php?forum_id=181445</comments>
		</item>
		<item>
			<title>First release 0.1 is out</title>
			<description>Basic functionnality. Syntax is completed parsed. Some expressions correctly solved already (&#60;a href=&#34;http://sourceforge.net/forum/forum.php?forum_id=179942&#34;&#62;0 comments&#60;/a&#62;)</description>
			<author>yvesb@users.sourceforge.net (Yves Berquin)</author>
			<link>http://sourceforge.net/forum/forum.php?forum_id=179942</link>
			<guid isPermaLink="true">http://sourceforge.net/forum/forum.php?forum_id=179942</guid>
			<pubDate>Tue, 21 May 2002 21:23:53 GMT</pubDate>
			<comments>http://sourceforge.net/forum/forum.php?forum_id=179942</comments>
		</item>
		<item>
			<title>Syntax decoding is done</title>
			<description>The step1 (syntax decoding) seems to be flying.&#60;br&#62;Now attacking the application to an XML tree, using the TinyXML module (&#60;a href=&#34;http://sourceforge.net/forum/forum.php?forum_id=178180&#34;&#62;0 comments&#60;/a&#62;)</description>
			<author>yvesb@users.sourceforge.net (Yves Berquin)</author>
			<link>http://sourceforge.net/forum/forum.php?forum_id=178180</link>
			<guid isPermaLink="true">http://sourceforge.net/forum/forum.php?forum_id=178180</guid>
			<pubDate>Tue, 14 May 2002 20:09:56 GMT</pubDate>
			<comments>http://sourceforge.net/forum/forum.php?forum_id=178180</comments>
		</item>
	</channel>
</rss>